Filename,Size,LastModified,SummaryTag
src/components/ui/ComponentInfoPanel.tsx,50870,2026-02-08T15:22:25.779Z,UI_COMPONENT
src/components/dashboard/FieldAuditForm.tsx,43126,2026-02-07T15:42:49.089Z,UI_COMPONENT
src/features/reporting/ReportGenerator.ts,35888,2026-02-07T15:42:49.100Z,MISC
src/components/dashboard/visual/RunnerDetailView.tsx,35102,2026-02-07T15:42:49.093Z,UI_PLUS_ENGINEERING
src/components/dashboard/TurbineVisualNavigator.tsx,34260,2026-01-22T14:50:24.458Z,UI_COMPONENT
src/components/digital-twin/AssetOnboardingWizard.tsx,33733,2026-01-22T14:50:24.471Z,UI_PLUS_ENGINEERING
src/components/dashboard/visual/GeneratorDetailView.tsx,33314,2026-01-22T14:50:24.464Z,UI_PLUS_ENGINEERING
src/components/demo/ForensicDeepDive.tsx,27094,2026-02-08T15:22:25.770Z,UI_COMPONENT
src/components/UniversalTurbineDashboard.tsx,25436,2026-02-08T19:55:04.185Z,UI_PLUS_ENGINEERING
src/components/AlignmentWizard.tsx,23098,2026-01-22T14:50:24.412Z,UI_COMPONENT
src/components/commissioning/CommissioningWizard.tsx,23054,2026-02-08T14:48:55.980Z,UI_COMPONENT
src/components/demo/ScenarioControl.tsx,21843,2026-02-08T15:22:25.772Z,UI_COMPONENT
src/components/StrategicPlanningDashboard.tsx,21478,2026-01-22T14:50:24.441Z,UI_COMPONENT
src/components/ClientDashboard.tsx,21477,2026-02-07T15:42:49.082Z,UI_COMPONENT
src/components/turbine/DigitalTwinOverlay.tsx,20132,2026-01-22T14:50:24.492Z,UI_PLUS_ENGINEERING
src/components/MounterQuickCard.tsx,19952,2026-01-22T14:50:24.432Z,UI_COMPONENT
src/components/dashboard/visual/FlywheelDetailView.tsx,19363,2026-01-22T14:50:24.464Z,UI_COMPONENT
src/components/AssetSetupWizard.tsx,19161,2026-01-22T14:50:24.413Z,UI_COMPONENT
src/components/dashboard/AssetPassportCard.tsx,18581,2026-02-08T15:22:25.764Z,UI_COMPONENT
src/components/turbine/KaplanDashboard.tsx,18433,2026-01-22T14:50:24.492Z,UI_PLUS_ENGINEERING
src/demos/MaintenanceChroniclesDemo.ts,18111,2026-01-24T16:04:30.107Z,MISC
src/components/dashboard/visual/GuideVaneDetailView.tsx,18086,2026-01-22T14:50:24.465Z,UI_PLUS_ENGINEERING
src/demos/SCADADemo.ts,17954,2026-01-26T18:27:03.673Z,MISC
src/components/automation/DiagnosticRCA.tsx,17829,2026-02-07T15:42:49.086Z,UI_COMPONENT
src/models/GlobalSiteHierarchy.ts,17736,2026-01-22T14:50:24.564Z,ENGINEERING_LOGIC
src/components/ParticleFerographyViewer.tsx,17378,2026-01-22T14:50:24.433Z,UI_COMPONENT
src/components/dashboard/ProtocolLaunchpad.tsx,17300,2026-02-08T15:22:25.766Z,UI_COMPONENT
src/components/dashboard/SovereignView.tsx,17262,2026-01-29T16:45:29.990Z,UI_COMPONENT
src/demos/CaseStudy_NoisyRunner.ts,17141,2026-01-25T14:25:20.809Z,MISC
src/components/dashboard/WorkOrderSummary.tsx,17138,2026-01-23T20:28:46.856Z,UI_COMPONENT
src/components/ProjectGenesisForm.tsx,16865,2026-01-22T14:50:24.435Z,UI_PLUS_ENGINEERING
src/components/ai/DrTurbineInsightsCard.tsx,16807,2026-01-22T14:50:24.446Z,UI_COMPONENT
src/models/MaintenanceChronicles.ts,16773,2026-01-24T15:54:07.981Z,MISC
src/models/TechnicalSchema.ts,16771,2026-01-22T19:53:06.408Z,ENGINEERING_LOGIC
src/services/InstitutionalKnowledgeService.ts,16627,2026-01-22T14:50:24.591Z,MISC
src/models/FrancisVerticalConfiguration.ts,16412,2026-01-22T19:53:06.406Z,ENGINEERING_LOGIC
src/components/PeltonJetVisualizer.tsx,16378,2026-01-22T14:50:24.433Z,UI_COMPONENT
src/components/LegacyModeHub.tsx,16332,2026-01-22T14:50:24.429Z,UI_COMPONENT
src/components/KnowledgeCapturePanel.tsx,16267,2026-01-22T14:50:24.429Z,UI_COMPONENT
src/components/dashboard/AutarkyDashboard.tsx,16255,2026-01-24T21:06:01.804Z,UI_PLUS_ENGINEERING
src/components/ARXRayView.tsx,16084,2026-02-07T15:42:49.080Z,UI_PLUS_ENGINEERING
src/services/SpecialistNotebook.ts,16069,2026-01-22T19:53:06.420Z,ENGINEERING_LOGIC
src/components/dashboard/MasterControlRoom.tsx,16033,2026-02-09T07:55:10.555Z,UI_COMPONENT
src/components/LegacyValidationModal.tsx,15761,2026-01-22T14:50:24.430Z,UI_COMPONENT
src/components/HydroStaticTestMonitor.tsx,15485,2026-02-08T15:22:25.755Z,UI_COMPONENT
src/services/AutoReportService.ts,15477,2026-01-22T14:50:24.575Z,ENGINEERING_LOGIC
src/components/dashboard/TelemetryDrilldownModal.tsx,15456,2026-01-22T14:50:24.457Z,UI_COMPONENT
src/services/Sovereign_Executive_Engine.ts,15442,2026-01-24T17:11:31.363Z,MISC
src/components/AutoReportGenerator.tsx,15395,2026-02-08T15:22:25.747Z,UI_COMPONENT
src/components/dashboard/SovereignSCADA.tsx,15287,2026-02-08T15:22:25.768Z,UI_COMPONENT
src/services/DecisionEngine.ts,15220,2026-01-22T15:23:30.426Z,MISC
src/components/maintenance/ServiceChecklistUI.tsx,15031,2026-02-03T08:58:35.482Z,UI_COMPONENT
src/models/LargeTurbineAuxiliarySystems.ts,14955,2026-01-24T15:54:09.931Z,ENGINEERING_LOGIC
src/services/GlobalHealthDashboard.ts,14907,2026-01-22T14:50:24.588Z,ENGINEERING_LOGIC
src/services/IntelligentLubricationController.ts,14779,2026-01-22T19:53:06.414Z,MISC
src/components/dashboard/FoundationOverview.tsx,14764,2026-01-24T20:40:18.641Z,UI_COMPONENT
src/components/turbine/OptimizationDashboard.tsx,14593,2026-01-22T14:50:24.493Z,UI_PLUS_ENGINEERING
src/components/SpecialMeasurementPanel.tsx,14332,2026-01-22T14:50:24.440Z,UI_PLUS_ENGINEERING
src/components/cerebro/panels/MechanicalPanel.tsx,14192,2026-02-08T15:22:25.762Z,UI_COMPONENT
src/components/GlobalHealthMapCard.tsx,14109,2026-01-22T14:50:24.424Z,UI_PLUS_ENGINEERING
src/components/AnoHubOS.tsx,14081,2026-01-22T14:50:24.412Z,UI_COMPONENT
src/components/dashboard/OverdriveDashboard.tsx,13816,2026-01-25T11:20:31.694Z,UI_PLUS_ENGINEERING
src/services/ConsultingEngine.ts,13793,2026-01-22T15:23:30.425Z,ENGINEERING_LOGIC
src/components/dashboard/CivilIntegrityDashboard.tsx,13791,2026-01-24T20:33:16.739Z,UI_COMPONENT
src/components/dashboard/QuickCalcSidebar.tsx,13558,2026-01-22T14:50:24.455Z,UI_COMPONENT
src/services/CollaborationWorkflowService.ts,13335,2026-01-22T14:50:24.578Z,MISC
src/services/ServiceConsultingFeedbackLoop.ts,13298,2026-01-22T14:50:24.604Z,MISC
src/components/dashboard/HeritageSearchWidget.tsx,13173,2026-01-22T14:50:24.453Z,UI_COMPONENT
src/contexts/AIPredictionContext.tsx,12989,2026-01-23T18:02:37.264Z,REACT_MISC
src/services/AssetIdentityService.ts,12928,2026-01-22T14:50:24.574Z,MISC
src/services/CommissioningProtocol.ts,12919,2026-01-22T14:50:24.578Z,MISC
src/components/PrescriptiveRecommendations.tsx,12783,2026-02-08T15:22:25.756Z,UI_COMPONENT
src/components/UniversalFleetDashboard.tsx,12434,2026-01-22T14:50:24.444Z,UI_PLUS_ENGINEERING
src/components/dashboard/GridAncillaryServices.tsx,12316,2026-01-24T19:53:03.854Z,UI_COMPONENT
src/services/AdversarialSimulator.ts,12055,2026-01-24T21:00:46.846Z,MISC
src/components/OilAnalysisDashboard.tsx,12031,2026-01-22T14:50:24.432Z,UI_COMPONENT
src/components/dashboard/TurbineDetailView.tsx,11956,2026-01-25T14:28:23.209Z,UI_PLUS_ENGINEERING
src/services/InvisibleMonstersDetector.ts,11884,2026-01-22T14:50:24.592Z,ENGINEERING_LOGIC
src/services/VisionReportGenerator.ts,11856,2026-01-22T14:50:24.612Z,MISC
src/components/dashboard/CenturyROIChart.tsx,11824,2026-01-23T20:28:46.856Z,REACT_MISC
src/components/dashboard/LogisticsView.tsx,11762,2026-01-25T13:59:22.952Z,UI_COMPONENT
src/components/dashboard/HegemonyMap.tsx,11710,2026-01-25T13:55:00.862Z,UI_COMPONENT
src/services/CubicleInterface.ts,11677,2026-01-22T19:53:06.410Z,MISC
src/components/demo/PublicPortal.tsx,11642,2026-02-08T15:22:25.771Z,UI_PLUS_ENGINEERING
src/components/GalvanicCorrosionMonitor.tsx,11439,2026-01-22T14:50:24.423Z,UI_COMPONENT
src/components/CommissioningWizard.tsx,11386,2026-02-08T15:22:25.749Z,UI_PLUS_ENGINEERING
src/components/ErosionMappingViewer.tsx,11375,2026-01-22T14:50:24.420Z,UI_PLUS_ENGINEERING
src/models/turbine/PeltonModel.ts,11347,2026-02-07T15:42:49.111Z,ENGINEERING_LOGIC
src/components/diagnostic-twin/FleetIntelligenceNet.tsx,11288,2026-01-22T14:50:24.468Z,UI_COMPONENT
src/demos/CommissioningDemo.ts,11197,2026-01-22T14:50:24.518Z,ENGINEERING_LOGIC
src/contexts/ContextAwareSystem.tsx,11155,2026-01-22T14:50:24.503Z,REACT_MISC
src/components/diagnostic-twin/FrancisDigitalTwin.tsx,10993,2026-01-22T14:50:24.468Z,UI_COMPONENT
src/components/BaselineFingerprintWizard.tsx,10935,2026-01-22T14:50:24.414Z,UI_PLUS_ENGINEERING
src/services/FrancisHealthDiagnostics.ts,10888,2026-01-25T14:20:28.157Z,ENGINEERING_LOGIC
src/components/dashboard/AuxiliarySystemsDashboard.tsx,10881,2026-01-24T19:52:33.672Z,UI_COMPONENT
src/components/VisualInspectionHub.tsx,10810,2026-01-22T14:50:24.445Z,UI_COMPONENT
src/components/PerformanceGuardDashboard.tsx,10747,2026-01-22T14:50:24.434Z,UI_PLUS_ENGINEERING
src/components/dashboard/CyberMap.tsx,10727,2026-01-24T19:30:10.200Z,UI_COMPONENT
src/services/TurbineMasterCore.ts,10706,2026-01-25T11:44:39.769Z,ENGINEERING_LOGIC
src/services/GeopoliticalPulse.ts,10614,2026-01-24T20:55:05.069Z,MISC
src/services/LegacyBridgeService.ts,10580,2026-01-26T17:58:17.513Z,MISC
src/services/SCADAHeartbeat.ts,10580,2026-01-22T14:50:24.602Z,ENGINEERING_LOGIC
src/services/H2Synthesizer.ts,10526,2026-01-24T21:05:39.342Z,MISC
src/components/dashboard/ResilienceDashboard.tsx,10496,2026-01-25T11:23:41.824Z,UI_PLUS_ENGINEERING
src/components/dashboard/EnvironmentalMonitoring.tsx,10365,2026-01-24T19:53:20.554Z,UI_COMPONENT
src/components/dashboard/SafetyMatrix.tsx,10084,2026-01-24T19:33:55.578Z,UI_COMPONENT
src/components/dashboard/QuickCalcCard.tsx,10054,2026-01-22T14:50:24.454Z,UI_PLUS_ENGINEERING
src/components/dashboard/PhoenixDashboard.tsx,10048,2026-01-25T11:31:15.672Z,UI_COMPONENT
src/services/OilRegenerationLogic.ts,10035,2026-01-24T21:04:50.752Z,ENGINEERING_LOGIC
src/services/ProceduralTranslator.ts,9991,2026-01-24T19:59:26.038Z,ENGINEERING_LOGIC
src/demos/IntelligentLubricationDemo.ts,9831,2026-01-22T14:50:24.521Z,MISC
src/demos/FrancisVerticalDemo.ts,9792,2026-01-22T14:50:24.520Z,ENGINEERING_LOGIC
src/data/componentData.ts,9609,2026-01-22T14:50:24.513Z,MISC
src/components/Special istDamageCard.tsx,9535,2026-01-22T14:50:24.440Z,UI_PLUS_ENGINEERING
src/services/DocumentDiscoveryService.ts,9364,2026-01-22T14:50:24.581Z,ENGINEERING_LOGIC
src/contexts/GlobalErrorContext.tsx,9358,2026-02-03T08:52:11.873Z,REACT_MISC
src/services/TrashRackRobot.ts,9326,2026-01-25T14:02:58.774Z,MISC
src/services/TrashRackMonitor.ts,9288,2026-01-22T14:50:24.610Z,ENGINEERING_LOGIC
src/services/SovereignVaultArchitecture.ts,9263,2026-01-24T20:59:29.422Z,MISC
src/services/LiveDnaOptimizer.ts,9193,2026-01-24T20:42:43.075Z,ENGINEERING_LOGIC
src/services/VisionAnalysisService.ts,9166,2026-01-23T18:02:37.268Z,ENGINEERING_LOGIC
src/services/VPPSynchronizer.ts,9163,2026-02-07T15:42:49.118Z,MISC
src/components/dashboard/HydroForecaster.tsx,9137,2026-01-24T19:28:56.878Z,UI_COMPONENT
src/components/dashboard/PlanetPulseDashboard.tsx,9085,2026-01-25T11:38:11.558Z,UI_COMPONENT
src/components/dashboard/CirculatoryDashboard.tsx,9084,2026-01-25T11:48:38.180Z,UI_COMPONENT
src/services/NegotiatorModule.ts,9068,2026-01-24T20:55:41.637Z,MISC
src/demos/BigBrotherDemo.ts,8977,2026-01-25T14:25:24.905Z,ENGINEERING_LOGIC
src/services/RoboticTelemetryIntegration.ts,8973,2026-01-24T20:48:28.509Z,MISC
src/components/dashboard/ExecutiveSummary.tsx,8954,2026-02-08T15:22:25.765Z,UI_PLUS_ENGINEERING
src/services/EcoGovernanceUnit.ts,8894,2026-01-24T20:39:19.533Z,MISC
src/components/cerebro/panels/HydraulicsPanel.tsx,8762,2026-02-08T15:22:25.761Z,UI_PLUS_ENGINEERING
src/services/LegacyHandover.ts,8711,2026-01-24T21:00:22.494Z,MISC
src/services/EmergencyManualService.ts,8705,2026-01-24T19:58:04.146Z,MISC
src/lib/engines/FrancisBigBrotherEngine.ts,8690,2026-01-22T15:23:30.420Z,ENGINEERING_LOGIC
src/components/dashboard/WeaverDashboard.tsx,8476,2026-01-25T11:34:54.546Z,UI_COMPONENT
src/services/HydroBasinSAR.ts,8475,2026-01-25T11:20:23.238Z,MISC
src/components/dashboard/IntakeMonitoring.tsx,8420,2026-01-24T19:51:57.605Z,UI_COMPONENT
src/services/PurchaseOrderService.ts,8381,2026-01-24T20:08:22.477Z,MISC
src/services/ThresholdResolver.ts,8356,2026-01-22T14:50:24.609Z,ENGINEERING_LOGIC
src/components/dashboard/SafeStateHMI.tsx,8327,2026-02-08T15:22:25.767Z,UI_COMPONENT
src/components/cerebro/ComponentTree.tsx,8308,2026-01-22T14:50:24.448Z,UI_COMPONENT
src/stores/useComponentStore.ts,8300,2026-01-22T14:50:24.622Z,MISC
src/services/HydraulicHeadCorrection.ts,8283,2026-01-24T20:34:48.899Z,ENGINEERING_LOGIC
src/components/dashboard/__tests__/AssetPassportCard.test.tsx,8232,2026-02-08T15:22:25.769Z,UI_COMPONENT
src/services/MorningReportGenerator.ts,8195,2026-01-22T14:50:24.598Z,MISC
src/components/SiteHealthCertificate.tsx,8150,2026-01-22T14:50:24.439Z,UI_COMPONENT
src/pages/analytics/management-summary.tsx,8111,2026-01-22T14:50:24.570Z,REACT_MISC
src/components/diagnostic-twin/FrancisInteractiveCrossSection.tsx,8016,2026-01-22T14:50:24.469Z,UI_PLUS_ENGINEERING
src/components/dashboard/__tests__/WorkOrderSummary.test.tsx,7992,2026-01-25T13:51:12.032Z,UI_COMPONENT
src/components/dashboard/InteractiveAssetSilhouette.tsx,7953,2026-01-22T14:50:24.453Z,UI_COMPONENT
src/services/HolographicBridge.ts,7929,2026-01-24T20:43:17.607Z,MISC
src/features/francis/components/MechanicalIntelligencePanel.tsx,7908,2026-01-22T14:50:24.533Z,UI_PLUS_ENGINEERING
src/services/FleetAuditor.ts,7900,2026-01-24T19:02:50.725Z,ENGINEERING_LOGIC
src/components/dashboard/ElectricalGrid.tsx,7856,2026-01-24T19:21:47.474Z,UI_COMPONENT
src/services/SovereignAlarmManager.ts,7839,2026-01-24T19:22:12.737Z,MISC
src/services/ThePulseEngine.ts,7730,2026-02-09T12:43:35.870Z,MISC
src/services/__tests__/AIPredictionService.test.ts,7684,2026-01-22T14:50:24.614Z,MISC
src/services/DamStabilityService.ts,7679,2026-01-24T20:33:53.179Z,MISC
src/features/telemetry/components/MultiSensorCorrelation.tsx,7567,2026-02-08T19:22:59.272Z,REACT_MISC
src/components/dashboard/Oscilloscope.tsx,7562,2026-01-24T19:34:11.612Z,UI_COMPONENT
src/demos/GrandFinaleDemo.ts,7560,2026-01-22T14:50:24.521Z,ENGINEERING_LOGIC
src/components/dashboard/SovereignPulseGauge.tsx,7529,2026-02-09T12:47:25.626Z,UI_COMPONENT
src/components/CommissioningModeDashboard.tsx,7518,2026-02-08T15:22:25.749Z,UI_COMPONENT
src/components/dashboard/FleetOverview.tsx,7482,2026-02-03T08:24:22.625Z,UI_COMPONENT
src/components/dashboard/PQView.tsx,7480,2026-01-25T11:50:49.830Z,UI_COMPONENT
src/components/dashboard/ControlLoopVisualizer.tsx,7456,2026-01-24T19:22:30.257Z,UI_PLUS_ENGINEERING
src/components/dashboard/AuxView.tsx,7428,2026-01-25T12:58:28.943Z,UI_COMPONENT
src/features/reporting/utils/PDFRenderer.ts,7356,2026-01-22T14:50:24.540Z,MISC
src/components/dashboard/__tests__/QuickCalcCard.test.tsx,7296,2026-02-07T15:42:49.092Z,UI_COMPONENT
src/components/dashboard/TelemetrySparklinePanel.tsx,7294,2026-02-03T11:52:45.341Z,UI_PLUS_ENGINEERING
src/services/CivilSecurityModule.ts,7221,2026-01-24T20:38:38.189Z,MISC
src/components/dashboard/SovereignPulse.tsx,7214,2026-02-08T15:54:42.074Z,UI_COMPONENT
src/components/dashboard/CBMDashboard.tsx,6983,2026-01-25T14:27:28.404Z,UI_COMPONENT
src/services/ParticleAnalysisService.ts,6967,2026-01-22T14:50:24.600Z,MISC
src/components/ui/SystemAuditLog.tsx,6951,2026-02-03T09:38:26.939Z,UI_COMPONENT
src/demos/PeltonDemo.ts,6951,2026-01-24T16:04:01.319Z,MISC
src/components/dashboard/ActuatorView.tsx,6927,2026-01-25T13:10:24.950Z,UI_COMPONENT
src/components/dashboard/SwarmView.tsx,6807,2026-01-25T13:20:19.964Z,UI_COMPONENT
src/hooks/useSyncWatcher.ts,6800,2026-01-22T14:50:24.547Z,REACT_MISC
src/services/LifecycleManager.ts,6797,2026-01-22T14:50:24.594Z,ENGINEERING_LOGIC
src/lib/engines/FrancisHorizontalEngine.ts,6792,2026-01-22T15:23:30.421Z,ENGINEERING_LOGIC
src/components/dashboard/MetalView.tsx,6782,2026-01-25T13:26:34.080Z,UI_COMPONENT
src/components/commissioning/SovereignCertificate.tsx,6745,2026-02-03T08:26:29.677Z,UI_COMPONENT
src/components/precision/PrecisionInput.tsx,6744,2026-01-22T14:50:24.491Z,UI_COMPONENT
src/components/KnowledgeBridgeVisualizer.tsx,6671,2026-01-22T14:50:24.428Z,UI_COMPONENT
src/services/BankiMichellOptimizer.ts,6664,2026-01-24T19:05:10.465Z,MISC
src/components/dashboard/GovernorView.tsx,6648,2026-01-25T11:54:41.234Z,UI_PLUS_ENGINEERING
src/components/BlackBoxForensics.tsx,6617,2026-01-22T14:50:24.414Z,UI_COMPONENT
src/components/dashboard/EdgeView.tsx,6602,2026-01-25T13:22:04.709Z,UI_COMPONENT
src/services/LocalLedger.ts,6592,2026-01-22T14:50:24.595Z,MISC
src/components/dashboard/UnitPersonalityDashboard.tsx,6590,2026-01-25T11:46:33.404Z,UI_COMPONENT
src/components/dashboard/__tests__/HeritageSearchWidget.test.tsx,6574,2026-01-22T14:50:24.459Z,UI_COMPONENT
src/components/diagnostic-twin/FrancisHillChart.tsx,6570,2026-01-22T14:50:24.468Z,UI_COMPONENT
src/services/AuditorExportService.ts,6550,2026-02-07T15:42:49.112Z,MISC
src/components/dashboard/ComplianceView.tsx,6485,2026-01-25T13:12:21.061Z,UI_COMPONENT
src/workers/journal.worker.ts,6482,2026-02-08T15:22:25.804Z,MISC
src/components/SmartStartChecklist.tsx,6461,2026-01-22T14:50:24.439Z,UI_PLUS_ENGINEERING
src/demos/MarketFCR_DecisionDemo.ts,6335,2026-01-26T18:25:25.646Z,MISC
src/components/dashboard/WarehouseView.tsx,6324,2026-01-25T13:18:09.964Z,UI_COMPONENT
src/components/ui/SignalFilterToggle.tsx,6282,2026-02-03T09:37:18.848Z,UI_COMPONENT
src/components/dashboard/ValueGuard.tsx,6255,2026-01-24T19:06:07.107Z,UI_COMPONENT
src/components/dashboard/SensorHealthDashboard.tsx,6225,2026-01-25T13:05:59.927Z,UI_COMPONENT
src/hooks/useBlackBoxRecorder.ts,6217,2026-01-22T14:50:24.544Z,REACT_MISC
src/services/EnergyMerchant.ts,6205,2026-01-22T15:23:30.427Z,MISC
src/services/MaintenanceOrchestrator.ts,6173,2026-01-24T18:13:39.243Z,MISC
src/services/SOERecorder.ts,6132,2026-01-24T19:33:30.792Z,MISC
src/components/ui/EmptyState.tsx,6081,2026-01-22T14:50:24.495Z,UI_COMPONENT
src/components/dashboard/FinancialRiskTicker.tsx,6033,2026-01-22T14:50:24.452Z,UI_COMPONENT
src/components/dashboard/CivilView.tsx,5992,2026-01-25T13:54:58.394Z,UI_COMPONENT
src/components/analytics/CenturyROIChart.tsx,5975,2026-01-22T14:50:24.447Z,REACT_MISC
src/components/dashboard/anohub/AnohubSidebar.tsx,5973,2026-02-08T21:54:05.595Z,UI_COMPONENT
src/services/AIFindingService.ts,5907,2026-01-22T14:50:24.572Z,MISC
src/services/MarketBridge.ts,5741,2026-01-24T19:29:20.381Z,MISC
src/demos/TheGrandWeaveDemo.ts,5738,2026-01-22T14:50:24.527Z,MISC
src/services/SovereignStrategist.ts,5736,2026-01-25T13:52:09.906Z,MISC
src/components/dashboard/AtmosView.tsx,5716,2026-01-25T13:28:24.384Z,UI_COMPONENT
src/components/dashboard/EcoView.tsx,5698,2026-01-25T13:16:28.809Z,UI_COMPONENT
src/components/dashboard/SynapseView.tsx,5665,2026-01-25T13:31:47.231Z,UI_COMPONENT
src/components/dashboard/PulseView.tsx,5645,2026-01-25T13:24:00.349Z,UI_COMPONENT
src/components/dashboard/ShieldView.tsx,5545,2026-01-25T13:14:11.706Z,UI_COMPONENT
src/components/dashboard/anohub/LiveTelemetryFooter.tsx,5534,2026-01-22T14:50:24.462Z,UI_COMPONENT
src/components/dashboard/__tests__/ProtocolLaunchpad.test.tsx,5531,2026-02-08T15:22:25.770Z,ENGINEERING_LOGIC
src/components/PostShutdownWatchdog.tsx,5484,2026-01-22T14:50:24.434Z,UI_PLUS_ENGINEERING
src/services/PredictiveProcurementService.ts,5469,2026-01-24T20:07:31.686Z,MISC
src/features/physics-core/__tests__/PhysicsCalculations.test.ts,5456,2026-01-22T14:50:24.537Z,ENGINEERING_LOGIC
src/components/dashboard/MaturityBadge.tsx,5412,2026-01-23T18:02:37.281Z,UI_PLUS_ENGINEERING
src/services/ExpertActionGuide.ts,5402,2026-01-22T14:50:24.584Z,ENGINEERING_LOGIC
src/services/demo/DemoStorytellerService.ts,5303,2026-02-03T13:29:58.289Z,ENGINEERING_LOGIC
src/components/TechnicalAuditReportModule.tsx,5256,2026-01-22T14:50:24.442Z,UI_COMPONENT
src/services/PhysicalOutputService.ts,5135,2026-01-24T19:59:08.998Z,MISC
src/components/dashboard/FutureTimeline.tsx,5079,2026-01-25T11:26:31.368Z,UI_COMPONENT
src/services/AuxiliaryMonitor.ts,5074,2026-01-22T14:50:24.576Z,MISC
src/components/diagnostics/ComponentInfoPanel.tsx,5034,2026-01-29T20:21:10.801Z,REACT_MISC
src/components/financial/FinancialTicker.tsx,5032,2026-01-22T14:50:24.471Z,UI_COMPONENT
src/demos/MarketOracleStrategy.ts,5022,2026-01-22T14:50:24.523Z,MISC
src/components/cerebro/LiveHUD.tsx,5009,2026-01-22T14:50:24.448Z,UI_COMPONENT
src/components/dashboard/SovereignDashboardV2.tsx,4990,2026-01-24T18:38:22.306Z,UI_COMPONENT
src/components/dashboard/SafetyView.tsx,4988,2026-01-25T13:08:48.341Z,UI_PLUS_ENGINEERING
src/services/EconomicLeakTracker.ts,4962,2026-01-24T19:05:55.179Z,MISC
src/services/ImmutableCoreLock.ts,4927,2026-01-24T19:11:54.804Z,ENGINEERING_LOGIC
src/components/dashboard/data/visual-map.ts,4865,2026-01-22T14:50:24.463Z,UI_PLUS_ENGINEERING
src/features/reporting/api/ReportDataBuilder.ts,4851,2026-01-23T18:02:37.281Z,MISC
src/services/TemporalDivergenceEngine.ts,4793,2026-01-25T11:25:53.135Z,MISC
src/features/telemetry/components/EfficiencyMonitor.tsx,4725,2026-02-09T12:28:47.633Z,UI_COMPONENT
src/services/LiveMathSync.ts,4695,2026-01-23T18:02:37.268Z,ENGINEERING_LOGIC
src/models/turbine/KaplanModel.ts,4650,2026-02-07T15:42:49.110Z,ENGINEERING_LOGIC
src/components/diagnostic-twin/CommanderDemoHUD.tsx,4648,2026-01-23T18:02:37.281Z,UI_PLUS_ENGINEERING
src/services/SimulationEngine.ts,4629,2026-02-08T15:22:25.796Z,MISC
src/services/FleetOrchestratorV2.ts,4605,2026-01-25T14:22:00.124Z,MISC
src/services/DataEnricher.ts,4588,2026-01-22T19:53:06.410Z,MISC
src/features/telemetry/hooks/usePhysicsMetrics.ts,4572,2026-02-07T15:42:49.103Z,ENGINEERING_LOGIC
src/features/plant/PlantOnboarding.tsx,4547,2026-01-22T14:50:24.538Z,REACT_MISC
src/services/FleetOrchestrator.ts,4545,2026-01-24T18:19:06.404Z,MISC
src/components/dashboard/ValueGuardTicker.tsx,4507,2026-01-25T14:12:10.621Z,UI_COMPONENT
src/demos/Phase10Demo.ts,4499,2026-01-22T19:53:06.399Z,MISC
src/demos/EfficiencyCurveMapping.ts,4430,2026-01-22T14:50:24.519Z,MISC
src/services/PersistenceLayer.ts,4422,2026-01-24T18:45:32.920Z,MISC
src/components/FluidMetalDiagnosticsHub.tsx,4412,2026-01-22T14:50:24.422Z,UI_COMPONENT
src/workers/BlackBoxRecorder.worker.ts,4382,2026-01-22T14:50:24.629Z,MISC
src/components/dashboard/__tests__/SyncBadge.test.tsx,4347,2026-01-22T14:50:24.460Z,UI_COMPONENT
src/services/SovereignBrainCore.ts,4340,2026-01-25T13:47:50.508Z,MISC
src/features/francis/hooks/useSVGLoader.ts,4309,2026-01-23T20:28:46.857Z,REACT_MISC
src/__tests__/expert-inference.test.ts,4271,2026-01-23T18:02:37.281Z,MISC
src/components/dashboard/HPPHealthDial.tsx,4235,2026-02-07T15:42:49.090Z,UI_COMPONENT
src/services/FleetIntelligence.ts,4158,2026-01-25T11:44:42.559Z,MISC
src/workers/physics.worker.ts,4129,2026-01-29T16:45:30.072Z,MISC
src/demos/ChaosGauntletDemo.ts,4096,2026-01-26T18:39:53.503Z,MISC
src/demos/VictoryDance.ts,4083,2026-01-22T14:50:24.528Z,MISC
src/services/SmartStartService.ts,4050,2026-01-22T14:50:24.605Z,ENGINEERING_LOGIC
src/demos/FirstSovereignWatch.ts,4038,2026-01-26T18:36:44.410Z,MISC
src/services/AdaptiveCombinatorTuner.ts,4025,2026-01-25T11:46:06.926Z,MISC
src/services/FrancisZoneManager.ts,4019,2026-01-25T11:46:31.053Z,ENGINEERING_LOGIC
src/services/LoadRejectionAnalyser.ts,4014,2026-01-25T14:16:48.768Z,ENGINEERING_LOGIC
src/components/dashboard/SmartActionDeck.tsx,3974,2026-01-22T14:50:24.456Z,UI_COMPONENT
src/demos/LegacyAuditDemo.ts,3942,2026-01-24T16:04:31.952Z,MISC
src/shared/components/ui/EngineeringSkeleton.tsx,3933,2026-02-08T15:22:25.798Z,UI_COMPONENT
src/services/ActiveHarmonicShaper.ts,3932,2026-01-25T11:23:02.929Z,MISC
src/services/KnowledgeBridgeService.ts,3858,2026-01-22T14:50:24.593Z,MISC
src/demos/VibrationAudit.ts,3834,2026-01-22T14:50:24.528Z,MISC
src/services/ErosionCorrosionSynergy.ts,3829,2026-01-22T14:50:24.583Z,MISC
src/services/MasterDashboardService.ts,3804,2026-01-22T19:53:06.415Z,MISC
src/services/VisualInspectionService.ts,3787,2026-01-22T14:50:24.612Z,ENGINEERING_LOGIC
src/hooks/useHPPDiagnostics.ts,3786,2026-01-22T14:50:24.546Z,ENGINEERING_LOGIC
src/services/SandErosionTracker.ts,3774,2026-01-26T18:25:23.859Z,MISC
src/services/BearingOilCoolingSystem.ts,3756,2026-01-22T15:23:30.425Z,ENGINEERING_LOGIC
src/services/SwarmIntelligenceBridge.ts,3743,2026-01-24T18:19:27.100Z,MISC
src/components/dashboard/ServiceCountdown.tsx,3736,2026-01-22T14:50:24.456Z,UI_COMPONENT
src/components/dashboard/__tests__/QuickCalcSidebar.test.tsx,3722,2026-01-22T14:50:24.460Z,UI_COMPONENT
src/features/francis/components/AssetTree.tsx,3716,2026-01-22T14:50:24.532Z,UI_COMPONENT
src/services/LegacyBridge.ts,3711,2026-01-22T14:50:24.593Z,ENGINEERING_LOGIC
src/services/TheMemoryLink.ts,3705,2026-01-22T14:50:24.608Z,MISC
src/components/modals/PdfPreviewModal.tsx,3695,2026-01-22T14:50:24.490Z,UI_COMPONENT
src/hooks/useSovereignKernel.ts,3689,2026-01-24T18:45:18.653Z,REACT_MISC
src/services/TechnicalStandardsService.ts,3688,2026-01-22T14:50:24.608Z,ENGINEERING_LOGIC
src/services/BlackStartOrchestrator.ts,3646,2026-01-25T11:30:28.534Z,MISC
src/services/RoboticSwarmCoordinator.ts,3614,2026-01-25T13:19:56.501Z,MISC
src/services/ProjectSwallower.ts,3580,2026-01-22T19:53:06.417Z,MISC
src/utils/SignalProcessor.ts,3575,2026-01-22T14:50:24.626Z,ENGINEERING_LOGIC
src/components/dashboard/anohub/ui/CyberCard.tsx,3571,2026-01-22T14:50:24.463Z,UI_COMPONENT
src/services/LegacyServiceBridge.ts,3539,2026-01-24T18:45:40.661Z,REACT_MISC
src/lib/analytics/ExecutiveReportService.ts,3511,2026-02-03T08:39:28.207Z,ENGINEERING_LOGIC
src/components/ui/ReliabilityBoundary.tsx,3483,2026-01-22T14:50:24.497Z,UI_COMPONENT
src/services/DewateringSovereign.ts,3468,2026-01-25T12:58:02.624Z,MISC
src/hooks/useFleetIntelligence.ts,3437,2026-01-22T14:50:24.545Z,REACT_MISC
src/contexts/ClientContext.tsx,3436,2026-01-22T14:50:24.503Z,ENGINEERING_LOGIC
src/services/ShadowCommandService.ts,3427,2026-01-24T17:18:10.045Z,MISC
src/services/PeltonNozzleSequencer.ts,3407,2026-01-25T11:46:17.586Z,MISC
src/services/__tests__/SafetyInterlockEngine.test.ts,3398,2026-02-08T21:00:52.588Z,MISC
src/components/dashboard/SyncBadge.tsx,3386,2026-01-22T14:50:24.457Z,UI_COMPONENT
src/demos/FAT_Execution.ts,3378,2026-01-26T18:37:01.704Z,MISC
src/services/FeedbackIntelligence.ts,3363,2026-01-24T17:23:27.513Z,MISC
src/features/maintenance/logic/Predictor.ts,3362,2026-01-22T14:50:24.535Z,ENGINEERING_LOGIC
src/services/BearingHydrodynamics.ts,3361,2026-01-25T11:48:07.382Z,MISC
src/demos/Phase30_IntegrationDemo.ts,3338,2026-01-22T14:50:24.525Z,MISC
src/components/SatelliteInflowMap.tsx,3308,2026-01-22T14:50:24.438Z,UI_COMPONENT
src/demos/KaplanDemo.ts,3250,2026-01-22T14:50:24.521Z,ENGINEERING_LOGIC
src/components/diagnostics/QuickDiagnosticSearch.tsx,3241,2026-01-29T20:21:10.793Z,REACT_MISC
src/utils/DiagnosticEngine.ts,3206,2026-01-22T15:23:30.446Z,ENGINEERING_LOGIC
src/services/BasinCoordinator.ts,3183,2026-01-22T14:50:24.576Z,MISC
src/demos/MolecularAccountantCloseout.ts,3179,2026-01-22T14:50:24.523Z,MISC
src/demos/VitalOrgansDemo.ts,3178,2026-01-22T19:53:06.401Z,ENGINEERING_LOGIC
src/services/HPUManager.ts,3156,2026-01-25T11:54:15.467Z,MISC
src/services/KnowledgeInjector.ts,3150,2026-01-22T14:50:24.593Z,ENGINEERING_LOGIC
src/demos/KnowledgeSpongeDemo.ts,3137,2026-01-24T16:04:35.516Z,MISC
src/components/francis/layout/FrancisQuickActions.tsx,3108,2026-01-22T14:50:24.485Z,UI_COMPONENT
src/services/TransformerOilAnalyst.ts,3051,2026-01-25T13:31:23.388Z,MISC
src/services/ExcitationController.ts,3041,2026-01-25T11:50:20.311Z,REACT_MISC
src/services/ActuatorDiagnosticCore.ts,3039,2026-01-25T13:10:02.420Z,MISC
src/services/FluidIntegrityService.ts,2981,2026-01-25T11:48:36.166Z,ENGINEERING_LOGIC
src/components/dashboard/HealingPulse.tsx,2903,2026-01-24T17:43:10.967Z,UI_COMPONENT
src/demos/GuardianMentorDemo.ts,2889,2026-01-23T15:16:34.539Z,MISC
src/features/business/logic/__tests__/FinancialCalculator.test.ts,2881,2026-01-22T14:50:24.531Z,ENGINEERING_LOGIC
src/__tests__/expert-thresholds.test.ts,2860,2026-01-23T18:02:37.267Z,MISC
src/services/StepResponseValidator.ts,2850,2026-01-25T13:12:05.266Z,MISC
src/services/DecisionSimulator.ts,2797,2026-01-22T14:50:24.581Z,MISC
src/demos/FleetIntelligenceDemo.ts,2786,2026-01-22T14:50:24.520Z,MISC
src/services/__tests__/FinancialImpactEngine.test.ts,2784,2026-01-22T14:50:24.614Z,MISC
src/services/DiscoveryVault.ts,2774,2026-01-22T14:50:24.581Z,MISC
src/__tests__/config-boundaries.test.ts,2745,2026-02-08T22:45:18.989Z,MISC
src/services/RepairPlannerAI.ts,2733,2026-01-25T13:26:11.534Z,MISC
src/services/ExcitationLimiters.ts,2727,2026-01-25T11:50:47.206Z,REACT_MISC
src/services/KaplanHubMonitor.ts,2720,2026-01-22T14:50:24.592Z,MISC
src/models/ProjectLifecycle.ts,2714,2026-01-22T14:50:24.565Z,ENGINEERING_LOGIC
src/features/maintenance/logic/__tests__/Predictor.test.ts,2699,2026-01-22T14:50:24.536Z,MISC
src/components/ui/AnimatedPage.tsx,2695,2026-01-22T14:50:24.494Z,UI_COMPONENT
src/demos/ProductionBridgeDemo.ts,2691,2026-01-22T14:50:24.526Z,MISC
src/hooks/useSmartActions.ts,2683,2026-01-22T14:50:24.547Z,REACT_MISC
src/services/InspectionAnomalyLibrary.ts,2649,2026-01-25T13:20:17.602Z,MISC
src/services/DamStabilityAnalyser.ts,2634,2026-01-25T13:29:42.881Z,MISC
src/services/MeshResilienceManager.ts,2627,2026-01-25T13:22:02.404Z,MISC
src/demos/MolecularSentinelDemo.ts,2622,2026-01-22T14:50:24.523Z,MISC
src/services/SwitchyardIntegrityNode.ts,2622,2026-01-25T13:31:44.679Z,MISC
src/services/AdaptiveGovernor.ts,2613,2026-01-25T11:54:23.784Z,ENGINEERING_LOGIC
src/demos/GlobalIntelligenceDemo.ts,2603,2026-01-23T15:16:34.539Z,MISC
src/data/FrancisMaintenanceProtocols.ts,2602,2026-01-22T14:50:24.511Z,ENGINEERING_LOGIC
src/workers/swarm.worker.ts,2595,2026-01-29T16:45:30.077Z,MISC
src/demos/DeepLibraryDemo.ts,2592,2026-01-22T14:50:24.518Z,ENGINEERING_LOGIC
src/__tests__/turbine-math.test.ts,2581,2026-02-08T15:22:25.746Z,UI_PLUS_ENGINEERING
src/__tests__/dossier_audit.test.ts,2552,2026-01-22T14:50:24.403Z,MISC
src/demos/UnseenForcesDemo.ts,2533,2026-01-22T14:50:24.527Z,ENGINEERING_LOGIC
src/demos/GiantsCommandDemo.ts,2531,2026-01-22T14:50:24.520Z,MISC
src/services/SignalValidator.ts,2525,2026-01-25T13:05:36.193Z,MISC
src/services/NeuralMomentumController.ts,2505,2026-01-25T11:26:24.087Z,ENGINEERING_LOGIC
src/services/SolarShieldController.ts,2501,2026-01-25T11:37:34.980Z,MISC
src/components/forensics/__tests__/ForensicDashboard.test.tsx,2486,2026-01-22T14:50:24.473Z,UI_COMPONENT
src/services/SurgeProtector.ts,2484,2026-01-25T11:54:38.980Z,ENGINEERING_LOGIC
src/demos/SiteCalibrationDemo.ts,2482,2026-01-22T14:50:24.527Z,MISC
src/services/ComplianceReportService.ts,2472,2026-01-25T13:12:18.709Z,ENGINEERING_LOGIC
src/components/dashboard/ManagementSummary.tsx,2470,2026-01-22T14:50:24.453Z,UI_COMPONENT
src/services/RedundancyVoting.ts,2463,2026-01-25T13:05:42.558Z,MISC
src/services/__tests__/EfficiencyOptimizer.test.ts,2462,2026-02-08T21:11:34.906Z,MISC
src/demos/DecisionSimulatorDemo.ts,2435,2026-01-22T14:50:24.518Z,MISC
src/services/ProtocolAnomalyDetector.ts,2430,2026-01-25T13:13:56.802Z,MISC
src/services/PLCTagBridge.ts,2424,2026-01-22T14:50:24.599Z,MISC
src/components/dashboard/DiagnosticBreadcrumbs.tsx,2416,2026-01-24T17:35:59.230Z,UI_COMPONENT
src/services/QuantumResistantLayer.ts,2405,2026-01-25T13:47:06.227Z,MISC
src/hooks/useFinancialYield.ts,2396,2026-01-22T14:50:24.545Z,REACT_MISC
src/services/CoolingEfficiencyMonitor.ts,2385,2026-01-25T11:48:15.514Z,MISC
src/services/FishPassageOrchestrator.ts,2377,2026-01-25T13:16:13.608Z,MISC
src/__tests__/physics-engine-audit.test.ts,2356,2026-01-23T18:02:37.267Z,ENGINEERING_LOGIC
src/components/InterventionCTA.tsx,2346,2026-01-22T14:50:24.428Z,UI_COMPONENT
src/services/CauseEffectMatrix.ts,2341,2026-01-25T13:08:45.760Z,ENGINEERING_LOGIC
src/__tests__/stress_integrity.test.ts,2337,2026-01-23T20:28:46.857Z,MISC
src/services/EdgeNeuralNode.ts,2324,2026-01-25T13:21:41.508Z,ENGINEERING_LOGIC
src/services/GridSyncDictator.ts,2323,2026-01-25T11:31:08.238Z,MISC
src/demos/SovereignIntegrationDemo.ts,2309,2026-01-23T15:16:34.539Z,MISC
src/services/AlarmStormFilter.ts,2306,2026-01-25T13:05:57.424Z,MISC
src/services/LogisticsResilienceManager.ts,2300,2026-01-25T13:17:49.094Z,MISC
src/contexts/useHPPData.ts,2290,2026-01-22T14:50:24.511Z,REACT_MISC
src/workers/forensicPdf.worker.ts,2289,2026-01-23T20:28:46.856Z,MISC
src/services/RoboticCladdingInterface.ts,2262,2026-01-25T13:26:16.947Z,MISC
src/services/PatternEater.ts,2242,2026-01-22T14:50:24.600Z,MISC
src/services/WaterHammerMonitor.ts,2237,2026-01-22T14:50:24.612Z,ENGINEERING_LOGIC
src/services/PowerSystemStabilizer.ts,2233,2026-01-25T11:50:28.049Z,MISC
src/demos/OperationalDashboard_v7.ts,2224,2026-01-22T14:50:24.524Z,MISC
src/demos/SentientArchitectDemo.ts,2211,2026-01-22T14:50:24.526Z,MISC
src/services/RunoutMonitor.ts,2210,2026-01-22T14:50:24.602Z,MISC
src/services/KaplanPhysicsEngine.ts,2200,2026-01-22T15:23:30.430Z,MISC
src/services/HydraulicLimits.ts,2194,2026-01-25T13:46:34.141Z,ENGINEERING_LOGIC
src/services/SatelliteSpectrometryInterface.ts,2190,2026-01-25T13:28:09.101Z,MISC
src/services/PneumaticSystemManager.ts,2184,2026-01-25T12:58:08.229Z,ENGINEERING_LOGIC
src/components/francis/layout/FrancisHeader.tsx,2179,2026-01-22T14:50:24.484Z,UI_PLUS_ENGINEERING
src/services/ShieldManager.ts,2178,2026-01-25T13:13:52.311Z,MISC
src/__tests__/maturity-audit.test.ts,2174,2026-01-23T18:02:37.268Z,ENGINEERING_LOGIC
src/demos/ZeroWasteDemo.ts,2170,2026-01-22T19:53:06.402Z,MISC
src/services/ThermalManagementCore.ts,2157,2026-01-22T19:53:06.421Z,MISC
src/types/aiFinding.ts,2155,2026-01-22T14:50:24.623Z,ENGINEERING_LOGIC
src/services/ConflictResolutionService.ts,2141,2026-01-25T13:34:05.989Z,MISC
src/services/WatershedInflowPredictor.ts,2126,2026-01-25T13:28:03.086Z,MISC
src/services/LoopPerformanceMonitor.ts,2121,2026-01-25T13:10:06.912Z,ENGINEERING_LOGIC
src/shared/components/ui/TurbineLoader.tsx,2096,2026-01-22T14:50:24.621Z,UI_PLUS_ENGINEERING
src/services/ThermalCompensator.ts,2086,2026-01-22T14:50:24.609Z,MISC
src/services/MesoScaleForecastNode.ts,2070,2026-01-25T13:28:21.979Z,MISC
src/services/ShaftSealMonitor.ts,2066,2026-01-22T14:50:24.605Z,MISC
src/services/SedimentWatch.ts,2055,2026-01-25T13:16:26.517Z,MISC
src/services/CavitationWatcher.ts,2046,2026-01-25T13:46:40.902Z,UI_PLUS_ENGINEERING
src/features/business/logic/MaintenancePredictor.ts,2040,2026-01-22T14:50:24.530Z,ENGINEERING_LOGIC
src/features/telemetry/store/__tests__/telemetry-store.test.ts,2037,2026-02-08T21:00:43.017Z,MISC
src/services/SwarmSyncProtocol.ts,2035,2026-01-25T11:34:48.192Z,MISC
src/models/FrancisSchema.ts,2033,2026-01-22T14:50:24.563Z,ENGINEERING_LOGIC
src/demos/PlatinumSovereigntyDemo.ts,2032,2026-01-22T14:50:24.525Z,MISC
src/models/MaintenanceTypes.ts,2030,2026-01-22T14:50:24.565Z,MISC
src/services/MasterProtocolBridge.ts,2024,2026-01-22T15:23:30.434Z,MISC
src/services/ArchiveSearchEngine.ts,2020,2026-01-22T15:23:30.424Z,ENGINEERING_LOGIC
src/services/V2GOrchestrator.ts,2007,2026-01-25T11:34:14.040Z,MISC
src/features/francis/components/AssetBreadcrumbs.tsx,1999,2026-01-22T14:50:24.532Z,UI_COMPONENT
src/services/NDTDataProcessor.ts,1983,2026-01-25T13:20:03.105Z,ENGINEERING_LOGIC
src/services/IslandGridController.ts,1968,2026-01-25T11:30:37.646Z,ENGINEERING_LOGIC
src/services/FatigueTracker.ts,1958,2026-01-22T14:50:24.585Z,MISC
src/services/WisdomFilter.ts,1956,2026-01-22T14:50:24.613Z,ENGINEERING_LOGIC
src/services/FederatedLearningSync.ts,1947,2026-01-25T13:21:48.298Z,MISC
src/services/PartialDischargeMonitor.ts,1910,2026-01-25T13:31:31.599Z,MISC
src/services/EfficiencyMapper.ts,1909,2026-01-25T13:39:15.495Z,MISC
src/services/QuantumForecaster.ts,1904,2026-01-22T14:50:24.602Z,MISC
src/components/francis/layout/FrancisHealthWidget.tsx,1900,2026-01-22T14:50:24.484Z,UI_COMPONENT
src/services/OxygenSaturator.ts,1885,2026-01-25T13:16:07.212Z,MISC
src/__tests__/solution-architect.test.ts,1867,2026-01-23T18:02:37.268Z,MISC
src/demos/LegacySealDemo.ts,1857,2026-01-22T14:50:24.522Z,MISC
src/services/SurfaceHardeningService.ts,1847,2026-01-25T13:26:31.402Z,MISC
src/services/AuxPowerAnalyzer.ts,1840,2026-01-25T12:58:26.598Z,MISC
src/shared/components/ui/StatusBadge.tsx,1831,2026-01-22T14:50:24.620Z,UI_PLUS_ENGINEERING
src/lib/physics-engine.ts,1827,2026-01-22T14:50:24.560Z,UI_COMPONENT
src/services/AncestralOracle.ts,1827,2026-01-22T14:50:24.574Z,MISC
src/services/AdditiveManufacturingBridge.ts,1795,2026-01-25T13:17:53.905Z,MISC
src/services/ConnectivityManager.ts,1782,2026-01-25T13:46:27.330Z,MISC
src/services/InflowIntelligence.ts,1749,2026-02-09T12:00:55.217Z,MISC
src/services/SafeControlAdapter.ts,1744,2026-01-22T15:23:30.436Z,ENGINEERING_LOGIC
src/services/MolecularIntegrityMonitor.ts,1742,2026-01-22T14:50:24.597Z,MISC
src/services/SeismicResponseMonitor.ts,1735,2026-01-25T13:30:01.027Z,MISC
src/__tests__/infrastructure_genesis.test.ts,1734,2026-01-22T14:50:24.404Z,ENGINEERING_LOGIC
src/services/OilHealthMonitor.ts,1709,2026-01-22T14:50:24.599Z,ENGINEERING_LOGIC
src/services/Drawing42Link.ts,1706,2026-01-22T14:50:24.582Z,MISC
src/shared/components/ui/ToastSystem.tsx,1671,2026-02-08T15:22:25.799Z,UI_COMPONENT
src/services/SurgicalLoadShedder.ts,1662,2026-01-25T11:34:22.343Z,MISC
src/services/HydraulicReflexLogger.ts,1653,2026-01-25T13:10:22.636Z,MISC
src/services/CommunityBroadcaster.ts,1651,2026-01-22T19:53:06.409Z,MISC
src/services/VibrationBaseline.ts,1647,2026-01-22T14:50:24.610Z,MISC
src/services/ClimateOracle.ts,1642,2026-01-22T14:50:24.577Z,MISC
src/services/PrecisionClockSync.ts,1640,2026-01-25T13:23:40.936Z,MISC
src/services/EfficiencyCurveTracker.ts,1630,2026-01-22T14:50:24.583Z,ENGINEERING_LOGIC
src/services/LinkageHealthMonitor.ts,1627,2026-01-22T14:50:24.595Z,MISC
src/services/VideoForensicsService.ts,1621,2026-01-22T14:50:24.611Z,ENGINEERING_LOGIC
src/services/HardwareRootOfTrust.ts,1612,2026-01-25T13:14:09.198Z,MISC
src/services/__tests__/ShaftSealGuardian.test.ts,1594,2026-01-22T14:50:24.614Z,MISC
src/data/componentEncyclopediaMapping.ts,1590,2026-01-29T20:21:10.801Z,ENGINEERING_LOGIC
src/components/ui/TypewriterText.tsx,1586,2026-01-22T14:50:24.499Z,UI_COMPONENT
src/features/config/__tests__/ProjectConfigStore.test.ts,1583,2026-02-08T22:43:14.327Z,MISC
src/services/PermissiveManager.ts,1583,2026-01-25T13:08:26.911Z,MISC
src/services/TimeSpoofingDetector.ts,1577,2026-01-25T13:23:57.842Z,MISC
src/services/__tests__/CommissioningSimulation.test.ts,1573,2026-01-22T15:23:30.444Z,ENGINEERING_LOGIC
src/services/SmartContractProcurement.ts,1571,2026-01-25T13:18:07.508Z,MISC
src/services/AutonomousSupplyChain.ts,1562,2026-01-22T14:50:24.575Z,MISC
src/services/EvolutionaryOptimizer.ts,1553,2026-01-22T15:23:30.427Z,MISC
src/services/__tests__/InterlockMatrix.test.ts,1545,2026-02-08T21:22:07.141Z,ENGINEERING_LOGIC
src/services/WisdomProfitCalculator.ts,1501,2026-01-22T14:50:24.613Z,MISC
src/services/__tests__/ThrustBearingMaster.test.ts,1491,2026-01-22T14:50:24.615Z,MISC
src/services/TrueWearScheduler.ts,1462,2026-01-22T14:50:24.610Z,ENGINEERING_LOGIC
src/components/dashboard/__tests__/ScadaCoreState.test.tsx,1454,2026-02-08T20:55:58.255Z,REACT_MISC
src/services/GeodeticDeformationNode.ts,1422,2026-01-25T13:29:48.202Z,MISC
src/services/__tests__/CavitationWatcher.test.ts,1417,2026-02-08T21:01:33.388Z,ENGINEERING_LOGIC
src/components/dashboard/anohub/AnohubHeader.tsx,1393,2026-01-22T14:50:24.461Z,UI_COMPONENT
src/services/AbsoluteZero.ts,1359,2026-01-22T14:50:24.573Z,MISC
src/services/MetalFactoryLink.ts,1357,2026-01-22T14:50:24.597Z,MISC
src/features/francis/store/useFrancisStore.ts,1322,2026-01-22T14:50:24.534Z,MISC
src/services/FleetCommandCenter.ts,1282,2026-01-22T14:50:24.585Z,MISC
src/services/__tests__/KaplanBladePhysics.test.ts,1266,2026-01-22T15:23:30.444Z,MISC
src/setupTests.ts,1256,2026-02-08T15:22:25.797Z,UI_COMPONENT
src/services/Sovereign_Operational_Log.ts,1254,2026-01-22T15:23:30.440Z,MISC
src/services/GiantTagMapper.ts,1246,2026-01-22T14:50:24.587Z,MISC
src/services/AutoCadEvolution.ts,1243,2026-01-22T14:50:24.575Z,MISC
src/services/HiveMindAwareness.ts,1236,2026-01-22T14:50:24.589Z,MISC
src/data/componentMappings.ts,1206,2026-01-29T20:21:10.793Z,MISC
src/__tests__/audit-trail.test.ts,1180,2026-02-08T22:46:04.363Z,MISC
src/services/TelemetryLogger.ts,1176,2026-01-25T13:46:19.887Z,MISC
src/services/__tests__/TurbinePhysicsOptimizer.test.ts,1164,2026-02-08T20:50:56.082Z,MISC
src/engines/variants/index.ts,1132,2026-02-09T09:45:09.682Z,MISC
src/services/__tests__/SafetyInterlockDesignConstraints.test.ts,1126,2026-02-08T22:44:09.165Z,ENGINEERING_LOGIC
src/services/BaroHeadAdjuster.ts,1125,2026-01-25T11:38:04.765Z,MISC
src/services/FleetComparator.ts,1111,2026-01-22T14:50:24.585Z,MISC
src/config/DeploymentConfig.ts,1108,2026-01-25T13:46:14.620Z,MISC
src/services/CollaborativeLibrary.ts,1106,2026-01-22T14:50:24.578Z,MISC
src/components/dashboard/__tests__/ScadaCorePeltonNozzles.test.tsx,1094,2026-02-08T22:44:52.392Z,ENGINEERING_LOGIC
src/services/CommissioningDashboardService.ts,1056,2026-01-22T14:50:24.578Z,MISC
src/services/StrategicPlanGenerator.ts,1045,2026-01-22T14:50:24.607Z,MISC
src/services/EfficiencyCurveHardener.ts,1033,2026-01-22T14:50:24.583Z,MISC
src/services/__tests__/BaseGuardian.test.ts,1031,2026-01-22T15:23:30.444Z,MISC
src/services/ScientificIngestor.ts,1015,2026-01-22T14:50:24.603Z,MISC
src/services/__tests__/HillChartInterpolation.test.ts,1004,2026-02-08T22:43:58.155Z,MISC
src/components/dashboard/__tests__/ScadaCoreVariant.test.tsx,975,2026-02-08T21:15:31.807Z,REACT_MISC
src/services/FatigueProfitLink.ts,937,2026-01-22T14:50:24.584Z,MISC
src/knowledge/KnowledgeSchema.ts,927,2026-01-22T14:50:24.554Z,MISC
src/services/GreenEnergyExpander.ts,891,2026-01-22T14:50:24.589Z,MISC
src/services/LessonTransferCortex.ts,891,2026-01-22T14:50:24.594Z,MISC
src/shared/components/ui/index.ts,889,2026-01-22T14:50:24.621Z,MISC
src/config/sensorConfig.ts,869,2026-01-22T14:50:24.501Z,MISC
src/services/HistoricalWisdomService.ts,854,2026-01-22T14:50:24.589Z,MISC
src/services/PublicSafetyReporter.ts,853,2026-01-22T14:50:24.601Z,MISC
src/services/GlobalPeaceDividend.ts,835,2026-01-22T14:50:24.588Z,MISC
src/services/EternalLog.ts,830,2026-01-22T14:50:24.583Z,ENGINEERING_LOGIC
src/services/OperatorsCommandCenter.ts,756,2026-01-22T14:50:24.599Z,MISC
src/services/InteractiveDrawingService.ts,753,2026-01-22T14:50:24.592Z,MISC
src/components/dashboard/__tests__/ScadaCoreHotspots.test.tsx,747,2026-02-09T12:38:47.434Z,ENGINEERING_LOGIC
src/services/NanoRepairAdvisor.ts,716,2026-01-22T14:50:24.598Z,MISC
src/services/GovernmentDashboard.ts,708,2026-01-22T14:50:24.588Z,MISC
src/components/dashboard/__tests__/ScadaCoreControlOverlay.test.tsx,685,2026-02-09T12:38:52.426Z,REACT_MISC
src/services/__tests__/TurbineClassifier.test.ts,668,2026-01-22T15:23:30.445Z,MISC
src/__tests__/i18n.test.ts,644,2026-01-22T14:50:24.404Z,MISC
src/services/ImmortalLegacyReport.ts,604,2026-01-22T14:50:24.590Z,MISC
src/services/__tests__/SovereignArchitectReflector.test.ts,541,2026-01-22T15:23:30.445Z,MISC
src/demos/SanityCheck.ts,517,2026-01-22T14:50:24.526Z,MISC
src/utils/i18nUtils.ts,480,2026-01-22T14:50:24.628Z,MISC
src/demos/VictoryBark.ts,479,2026-01-22T14:50:24.528Z,MISC
src/__tests__/simple.test.ts,166,2026-01-22T14:50:24.405Z,MISC
src/models/turbine/index.ts,123,2026-01-22T14:50:24.568Z,TYPES_ONLY_OR_THIN_WRAPPER
src/features/physics-core/PhysicsEngine.ts,63,2026-01-23T18:02:37.281Z,TYPES_ONLY_OR_THIN_WRAPPER